{
  "height": 48,
  "width": 149,
  "x": 803.765625,
  "y": 1696.078125
}