{
  "height": 48,
  "width": 149,
  "x": 803.765625,
  "y": 2994.484375
}